"Timestamp","If you had all the necessary ingredients what are you more likely to do?","How often do you try new recipes","Please complete the sentence - ""I usually try new recipes when - ","What is your primary source for new recipes? (Select all that apply)","Do you believe your needs are met via above resources?","Can you tell us a little about your experience when you tried a new recipe last time?","While selecting a recipe, do you look for the availability of all ingredients?","If you answered ""No"" to the previous question, what do you do if you have missing ingredients? ","What else do you look for when deciding a new recipe? (Select all that apply)","Is there anything else, you look for when deciding the recipe?"
"2020/04/30 5:13:33 PM GMT","Try a new recipe","Few times a month","I am free","Website/ Mobile app","Maybe","","Yes","","Cuisine;Nutritional Value (calories, proteins, carbs, etc)",""
"2020/04/30 5:18:50 PM GMT","Cook a recipe you know and have cooked before","Few times a month","Discover new recipe","Website/ Mobile app","Yes","","Yes","","Diet preference (Vegetarian, Pescatarian, Vegan, etc)",""
"2020/04/30 5:19:18 PM GMT","Cook a recipe you know and have cooked before","Few times a month","I want to try new dish","Make them myself;Website/ Mobile app","Yes","","No","Skip them;Substitue them;Buy and cook later","Cuisine",""
"2020/04/30 5:19:24 PM GMT","Try a new recipe","Few times a month","I have more time to cook","Website/ Mobile app","Yes","","Yes","","Nutritional Value (calories, proteins, carbs, etc)",""
"2020/04/30 5:19:31 PM GMT","Try a new recipe","Few times a week","I have time","Website/ Mobile app","Yes","I tried kazudon for my lunch， and I searched the recipe online and follow the steps to prepare","Yes","","Diet preference (Vegetarian, Pescatarian, Vegan, etc);Nutritional Value (calories, proteins, carbs, etc)","calorie"
"2020/04/30 5:30:59 PM GMT","Try a new recipe","Every time","whenever possible ","Make them myself;Recipe books;Website/ Mobile app","Yes","It was great","Yes","","Cuisine;Nutritional Value (calories, proteins, carbs, etc)","Flavor"
"2020/04/30 5:37:18 PM GMT","Cook a recipe you know and have cooked before","Few times a month","i have new ingredient","Website/ Mobile app","Yes","follow website‘s instruction","Yes","","Nutritional Value (calories, proteins, carbs, etc)","Convenient "
"2020/04/30 5:39:13 PM GMT","Try a new recipe","Only on holidays (Once/ Twice a year)","I am happy","Website/ Mobile app","Yes","","Yes","","Cuisine",""
"2020/04/30 5:43:20 PM GMT","Cook a recipe you know and have cooked before","Few times a month","I'm bored of all the old ones I know","Family recipes","Yes","It went smoothly because the recipe was accurate and refined, being a family recipe","Yes","","Taste","Ease, minimal effort for maximum output"
"2020/04/30 5:46:27 PM GMT","Try a new recipe","Few times a month","I have enough time and other food if failed. ","Make them myself;Family recipes;Website/ Mobile app","Yes","Baking chicken wings. I used the recipe on YouTube from 小高姐, and it was amazing. ","No","Skip them;Substitue them;Buy and cook later","Mood","Cooking time is another huge consideration to me. "
"2020/04/30 5:55:35 PM GMT","Try a new recipe","Every time","Everytime","Make them myself;Website/ Mobile app","Maybe","Tried a strawberry banana chocolate frappe with almond milk and honey  . ","Yes","","Diet preference (Vegetarian, Pescatarian, Vegan, etc)","Nope"
"2020/04/30 5:58:50 PM GMT","Try a new recipe","Only on holidays (Once/ Twice a year)","I have free time and I want to do something creative","Website/ Mobile app;YouTube tutorial","Yes","I tried Brownies and I wanted it to be fudgy, but it turned out too fudgy for my liking. ","Yes","","Cuisine","Time required to prepare that recipe"
"2020/04/30 6:01:03 PM GMT","Cook a recipe you know and have cooked before","Only on holidays (Once/ Twice a year)","I am OK to take chances with the taste","Website/ Mobile app","Yes","Sometimes good sometimes a drastic failure","No","Skip them;Substitue them","Taste",""
"2020/04/30 6:04:03 PM GMT","Try a new recipe","Only on holidays (Once/ Twice a year)","I feel good or someone special is visiting my place.","Family recipes;Website/ Mobile app","Yes","","No","Skip them;Substitue them;Buy and cook later","Diet preference (Vegetarian, Pescatarian, Vegan, etc);Nutritional Value (calories, proteins, carbs, etc)",""
"2020/04/30 6:28:20 PM GMT","Try a new recipe","Few times a month","I have a free weekend","Website/ Mobile app","Yes","It was great","No","Skip them;Substitue them","Diet preference (Vegetarian, Pescatarian, Vegan, etc)",""
"2020/04/30 7:08:04 PM GMT","Try a new recipe","Few times a week","I am craving for variety ","Make them myself;Website/ Mobile app","Yes","It worked out fine ","Yes","","Diet preference (Vegetarian, Pescatarian, Vegan, etc);Cuisine;Nutritional Value (calories, proteins, carbs, etc)","Cooking tools availability "
"2020/04/30 7:13:46 PM GMT","Try a new recipe","Few times a month","I've nothing else to do","Website/ Mobile app","Yes","","No","Skip them;Substitue them;Buy and cook later","Diet preference (Vegetarian, Pescatarian, Vegan, etc)",""
"2020/04/30 7:39:17 PM GMT","Cook a recipe you know and have cooked before","Only on holidays (Once/ Twice a year)","Bored with regular food","Family recipes;Website/ Mobile app","Yes","Was a Banana cake. Mostly worked, not as good as expected though - needed more baking powder than the recipe said. ","No","Skip them;Substitue them","Diet preference (Vegetarian, Pescatarian, Vegan, etc);Cuisine","Shouldn't need uncommon ingredients, and ease of cooking"
"2020/04/30 8:30:04 PM GMT","Try a new recipe","Few times a month","I have time and the kitchen to myself","Internet/ masterchef","No","","Yes","Substitue them","Diet preference (Vegetarian, Pescatarian, Vegan, etc);Cuisine","New cooking techniques"
"2020/04/30 9:23:25 PM GMT","Try a new recipe","Every time","Everytime","Make them myself;Website/ Mobile app","Maybe","Tried a strawberry banana chocolate frappe with almond milk and honey  . ","Yes","","Diet preference (Vegetarian, Pescatarian, Vegan, etc)","Nope"
"2020/04/30 11:52:09 PM GMT","Try a new recipe","Few times a week","I have time and weather is nice","Make them myself;Website/ Mobile app","Maybe","It was something I made myself. Not too bad","No","Substitue them","Diet preference (Vegetarian, Pescatarian, Vegan, etc);Cuisine;Nutritional Value (calories, proteins, carbs, etc)","If it would satisfy the current food carving"
"2020/05/01 1:04:06 AM GMT","Cook a recipe you know and have cooked before","Few times a week","I usually try new recipes when I have inspiration","Make them myself;Website/ Mobile app","Yes","","No","Skip them;Substitue them","Diet preference (Vegetarian, Pescatarian, Vegan, etc);Nutritional Value (calories, proteins, carbs, etc)",""
"2020/05/01 1:51:54 AM GMT","Cook a recipe you know and have cooked before","Few times a month","Iget bored of the mundane","Website/ Mobile app","Yes","It fails the first time, but I learn from the mistake eventually to have a good recipe","Yes","","Diet preference (Vegetarian, Pescatarian, Vegan, etc);Cuisine","Easily available ingredients"
"2020/05/01 1:52:14 AM GMT","Cook a recipe you know and have cooked before","Few times a month","When Im not too busy","Family recipes;Website/ Mobile app","Yes","I have to get new ingredients as I never used those before.","Yes","","Diet preference (Vegetarian, Pescatarian, Vegan, etc);Cuisine","ingredients should be readily available"
"2020/05/01 6:17:47 AM GMT","Try a new recipe","Few times a month","I'm totally free e.g. during weekends","Family recipes;Website/ Mobile app;Youtube videos","Yes","It was good. I saw a couple of videos on YouTube and could then make it. Though, it's a bit challenging to get the amounts of spices in the right proportion and I think that is a key to great taste. Other than that, the basic initial steps to cooking Indian food is more or less the same, it's the vegetables that generally have to be handled differently.","No","Skip them;Substitue them","Cuisine;Nutritional Value (calories, proteins, carbs, etc);Effort required to make it",""
"2020/05/04 8:19:38 PM GMT","Try a new recipe","Every time","Everytime","Make them myself;Website/ Mobile app","Maybe","Tried a strawberry banana chocolate frappe with almond milk and honey  . ","Yes","","Diet preference (Vegetarian, Pescatarian, Vegan, etc)","Nope"