"Timestamp","Where do you live?","How often do you cook?","How many servings do you usually cook?","For how many people do you usually cook? (individual/ couple/ family)","How well do you know what you currently have in your fridge?","Of all the items currently in your fridge how well do you know the specific quantities of everything?","How often do you select a recipe based on the above two factors?","How often do you buy Groceries?","Where do you usually buy groceries?","What percentage of the groceries you buy goes to waste?","Why does some of your groceries go to waste? (Select all that applies)","How often do you make the same recipes?","How long in advance do you plan your meals","Do you currently follow meal plan?","How do you find recipes? (Select all that applies)","Do you always buy the same brand fridges ","What is your preferred fridge brand? (If none just answer none)","Do you have a fridge with a digital display?","Please list what you consider when buying a fridge?"
"2020/03/19 10:42:33 PM GMT","City Centre","A few times a week","1","Individual (1 person)","Know precisely whats in my fridge","Know quantity of some things","Not very often","Bi-Weekly","Online delivery","Between 25% and 50%","I am never in the mood to eat it","Daily","Don't plan","Yes","Make them myself","No","None","No","Size"
"2020/03/19 10:50:05 PM GMT","City Centre","Everyday","2","Couple (2 people)","Know of some things in my fridge","Know precise quantity of everything","Often","Weekly","In person in Grocery stores","<25%","I forget about it","Weekly","Weekly","Partially","Make them myself;Mobile Application","Mostly","None","No","Capacity"
"2020/03/19 10:51:08 PM GMT","City Centre","Everyday","4","Couple (2 people)","Know of some things in my fridge","Know quantity of some things","Not very often","Weekly","In person in Grocery stores","<25%","I forget about it;I don't know how to prepare it","Weekly","Daily","Partially","Make them myself;Videos;Wesite;Mobile Application","No","","No","big screen which can recommend recipes"
"2020/03/19 10:51:37 PM GMT","City Centre","A few times a week","2","Couple (2 people)","Know of some things in my fridge","Know quantity of some things","Not very often","Weekly","Online delivery","Between 25% and 50%","I forget about it;I am never in the mood to eat it","Weekly","Daily","No","Mobile Application","No","none","No","capacity"
"2020/03/19 10:51:48 PM GMT","City Centre","Never","None","Individual (1 person)","Know of some things in my fridge","Don't have any idea about any quantities","Not very often","Never","In person in Grocery stores","Between 25% and 50%","I forget about it","Daily","Don't plan","Yes","Videos","Mostly","Samsung","No","Price"
"2020/03/19 10:51:53 PM GMT","City Centre","Everyday","3","Party of many","Know of some things in my fridge","Know quantity of some things","Often","Weekly","In person in Grocery stores","<25%","I forget about it","Weekly","Just in Time","No","Make them myself;Family recipes;Mobile Application","No","none","No","storage room，easy system"
"2020/03/19 10:52:13 PM GMT","City Centre","Everyday","1","Individual (1 person)","Know of some things in my fridge","Know quantity of some things","Often","Bi-Weekly","In person in Grocery stores","<25%","I forget about it;I am never in the mood to eat it;I don't know how to prepare it","Weekly","Don't plan","No","Make them myself;Family recipes;Videos;Mobile Application","No","Haier? hahaha","No","Quality and size and reputation "
"2020/03/19 10:53:00 PM GMT","City Centre","Everyday","3","3 people","Know precisely whats in my fridge","Know quantity of some things","Often","Weekly","In person in Grocery stores","<25%","I forget about it;I am never in the mood to eat it","Weekly","Just in Time","No","Make them myself;Videos","No","none","Yes","Size and look"
"2020/03/19 10:53:07 PM GMT","Suburban area","A few times a week","3 ","Individual (1 person)","Know precisely whats in my fridge","Know quantity of some things","Often","Weekly","In person in Grocery stores","<25%","I forget about it","Weekly","Weekly","Partially","Make them myself;Family recipes;Wesite","Yes","Whirlpool","No","Space/Inventory. Cost "
"2020/03/19 10:54:31 PM GMT","City Centre","Less than once a week","5","Individual (1 person)","Know precisely whats in my fridge","Know precise quantity of everything","Often","Montly","In person in Grocery stores","<25%","I forget about it","Montly","Just in Time","No","Make them myself;Family recipes;Videos","Mostly","","No",""
"2020/03/19 10:56:48 PM GMT","City Centre","A few times a week","1-5","Couple (2 people)","Know of some things in my fridge","Know quantity of some things","Often","Weekly","In person in Grocery stores","<25%","I forget about it","Montly","Weekly","No","Make them myself;Family recipes;Wesite","No","","No",""
"2020/03/19 10:57:21 PM GMT","Suburban area","Everyday","","Couple (2 people)","Know precisely whats in my fridge","Know quantity of some things","Often","Weekly","In person in Grocery stores","<25%","I forget about it","Weekly","Daily","No","Make them myself;Family recipes;Videos","No","none","No","n/a"
"2020/03/19 10:58:13 PM GMT","City Centre","A few times a week","2","Couple (2 people)","Know of some things in my fridge","Know quantity of some things","Often","Weekly","In person in Grocery stores","<25%","I forget about it;I am never in the mood to eat it","Weekly","Don't plan","No","Make them myself;Family recipes;Wesite","No","","No",""
"2020/03/19 11:01:44 PM GMT","City Centre","Everyday","2-4","Individual (1 person)","Know precisely whats in my fridge","Know quantity of some things","Often","Weekly","In person in Grocery stores","Between 25% and 50%","I forget about it;I am never in the mood to eat it","Montly","Daily","No","Make them myself;Recipe books;Videos;Wesite","No","None","No","Mostly space and sturdiness"
"2020/03/19 11:06:16 PM GMT","Suburban area","Everyday","1","Individual (1 person)","Know of some things in my fridge","Know quantity of some things","Often","Weekly","Online delivery","<25%","I forget about it","Weekly","Daily","No","Make them myself;Mobile Application","Mostly","none","No","price"
"2020/03/19 11:23:23 PM GMT","Suburban area","A few times a week","2","Individual (1 person)","Know precisely whats in my fridge","Know precise quantity of everything","Often","Weekly","In person in Grocery stores","<25%","I am never in the mood to eat it","Weekly","Just in Time","No","Make them myself;Family recipes;Videos;Wesite;Mobile Application","No","none","No","storage space"
"2020/03/19 11:46:32 PM GMT","City Centre","Once a week","1","Individual (1 person)","No idea whats in my fridge","Don't have any idea about any quantities","Never","Bi-Weekly","In person in Grocery stores","<25%","I don't know how to prepare it","Daily","Don't plan","Yes","Wesite","No","None","No","Novelty"
"2020/03/19 11:48:46 PM GMT","City Centre","A few times a week","3","Individual (1 person)","Know precisely whats in my fridge","Know precise quantity of everything","Not very often","Weekly","In person in Grocery stores","None","They don’t ","Montly","Just in Time","No","Make them myself;Family recipes;Videos;Wesite","No","None","No","Size"
"2020/03/20 12:08:30 AM GMT","City Centre","Everyday","2","Party of many","Know of some things in my fridge","Know quantity of some things","Not very often","Weekly","In person in Grocery stores","None","Na","Weekly","Just in Time","No","Make them myself;Videos","No","","No","Should have enough space including freezer "
"2020/03/20 12:15:54 AM GMT","Suburban area","A few times a week","4","Individual (1 person)","Know of some things in my fridge","Know quantity of some things","Not very often","Weekly","In person in Grocery stores","<25%","I forget about it","Weekly","Don't plan","No","Make them myself","Yes","None","No","Price"
"2020/03/20 12:25:15 AM GMT","City Centre","A few times a week","3","Individual (1 person)","Know of some things in my fridge","Know quantity of some things","Often","Weekly","In person in Grocery stores","<25%","Expires before use","Montly","Just in Time","No","Family recipes","No","None","No","Size, price"
"2020/03/20 12:29:44 AM GMT","Farm","Everyday","2","Family with kids","Know of some things in my fridge","Know quantity of some things","Often","Bi-Weekly","In person in Grocery stores","<25%","Did not plan well","Weekly","Daily","No","Make them myself;Family recipes","Mostly","LG","No","Power efficiency "
"2020/03/20 12:33:02 AM GMT","City Centre","A few times a week","3","Couple (2 people)","Know precisely whats in my fridge","Know precise quantity of everything","Often","Weekly","Online delivery","None","I don't know how to prepare it","Montly","Weekly","No","Make them myself;Videos;Wesite","Mostly","Smeg","Yes","Quality"
"2020/03/20 12:45:30 AM GMT","City Centre","A few times a week","3","Individual (1 person)","Know precisely whats in my fridge","Know quantity of some things","Often","Bi-Weekly","Online delivery","<25%","I am never in the mood to eat it","Montly","Just in Time","No","Make them myself;Family recipes;Wesite","No","None","No",""
"2020/03/20 12:46:15 AM GMT","Suburban area","Everyday","2","Couple (2 people)","No idea whats in my fridge","Don't have any idea about any quantities","Not very often","Weekly","In person in Grocery stores","Between 25% and 50%","I forget about it;I am never in the mood to eat it","Weekly","Just in Time","No","Make them myself;Family recipes","No","Samsung ","No","Price"
"2020/03/20 12:54:53 AM GMT","City Centre","Once a week","5","Couple (2 people)","Know of some things in my fridge","Know quantity of some things","Often","Bi-Weekly","Online pickup","<25%","I forget about it","Weekly","Daily","No","Make them myself;Recipe books;Videos","No","None","No","Efficiency "
"2020/03/20 1:02:49 AM GMT","Suburban area","A few times a week","2","Couple (2 people)","Know of some things in my fridge","Know quantity of some things","Often","Weekly","In person in Grocery stores","<25%","I forget about it","Weekly","Daily","No","Family recipes;Recipe books","No","None","Yes","Price"
"2020/03/20 2:12:03 AM GMT","Suburban area","Once a week","5","Individual (1 person)","Know of some things in my fridge","Know quantity of some things","Often","Bi-Weekly","Online delivery","Between 25% and 50%","I forget about it;I don't know how to prepare it","Montly","Just in Time","No","Videos","Mostly","Samsung","No","No"
"2020/03/24 1:58:22 AM GMT","Suburban area","Once a week","2","Individual (1 person)","Know of some things in my fridge","Know quantity of some things","Often","Montly","In person in Grocery stores","<25%","I forget about it;I am never in the mood to eat it","Montly","Just in Time","No","Make them myself","No","None","No","If it has a freezer."